{
  "description": {
    "title": "One Pedras Naturais LTDA",
    "text": "Transformamos pedras brutas em revestimentos incríveis. Nossa produção própria garante atenção e qualidade de cada peça, criando soluções únicas para o seu projeto. <p> Atendemos clientes em todo o Brasil 🇧🇷"
  },
  "links_1": {
    "list_pages": true,
    "title": "Páginas",
    "list": [
      {
        "text": "Link de teste",
        "url": "#"
      }
    ]
  },
  "links_2": {
    "list_categories": true,
    "title": "Categorias",
    "list": [
      {
        "text": "Link teste 2",
        "url": "#"
      }
    ]
  },
  "contacts": {
    "title": "Contatos",
    "phone_wpp": true,
    "socials": true,
    "email": true,
    "address": true
  },
  "stamps": [
    {
      "src": "/img/uploads/ssl-safe.png",
      "alt": "Secure connection",
      "width": 150,
      "height": 62
    }
  ],
  "payment_methods": {
    "visa": true,
    "boleto": true,
    "elo": true,
    "hipercard": true,
    "mastercard": true,
    "hiper": true,
    "mais": false,
    "pix": true,
    "amex": false
  },
  "credits": "© 2023. One Pedras Naturais - Indústria, Comércio, Instalação e Limpeza. CNPJ: 25.423.118/0001-53. Todos os direitos reservados."
}